{"daily_data": {"1": {"timestamp": 1757435939.0562015, "unique_id": "1757435939.0562015_5916", "cpu_percent": 7.2, "ram_percent": 34.8, "cpu_temp": 43.0, "download_speed_kbs": 1.8, "upload_speed_kbs": 1.6}, "2": {"timestamp": 1757435949.0621772, "unique_id": "1757435949.0621772_5689", "cpu_percent": 0.3, "ram_percent": 34.8, "cpu_temp": 42.6, "download_speed_kbs": 0.9, "upload_speed_kbs": 0.9}, "3": {"timestamp": 1757435959.069766, "unique_id": "1757435959.069766_2072", "cpu_percent": 0.2, "ram_percent": 34.8, "cpu_temp": 41.4, "download_speed_kbs": 7.4, "upload_speed_kbs": 3.5}, "4": {"timestamp": 1757435969.0542433, "unique_id": "1757435969.0542433_9195", "cpu_percent": 2.3, "ram_percent": 34.8, "cpu_temp": 42.0, "download_speed_kbs": 1.1, "upload_speed_kbs": 0.9}, "5": {"timestamp": 1757435979.0569394, "unique_id": "1757435979.0569394_9349", "cpu_percent": 1.3, "ram_percent": 34.4, "cpu_temp": 42.0, "download_speed_kbs": 0.9, "upload_speed_kbs": 0.9}, "6": {"timestamp": 1757436103.9128358, "unique_id": "1757436103.9128358_7863", "cpu_percent": 6.1, "ram_percent": 34.2, "cpu_temp": 42.6, "download_speed_kbs": 0.0, "upload_speed_kbs": 0.0}, "7": {"timestamp": 1757436113.9102325, "unique_id": "1757436113.9102325_2510", "cpu_percent": 0.8, "ram_percent": 34.6, "cpu_temp": 41.9, "download_speed_kbs": 6.5, "upload_speed_kbs": 2.6}, "8": {"timestamp": 1757436123.9142263, "unique_id": "1757436123.9142263_4914", "cpu_percent": 1.9, "ram_percent": 35.1, "cpu_temp": 41.9, "download_speed_kbs": 1.1, "upload_speed_kbs": 0.9}, "9": {"timestamp": 1757436133.913296, "unique_id": "1757436133.913296_9600", "cpu_percent": 5.8, "ram_percent": 35.0, "cpu_temp": 42.2, "download_speed_kbs": 1.1, "upload_speed_kbs": 0.9}, "10": {"timestamp": 1757436143.9087741, "unique_id": "1757436143.9087741_8229", "cpu_percent": 1.8, "ram_percent": 34.8, "cpu_temp": 42.0, "download_speed_kbs": 3.6, "upload_speed_kbs": 1.9}, "11": {"timestamp": 1757436183.9089189, "unique_id": "1757436183.9089189_2269", "cpu_percent": 3.1, "ram_percent": 34.7, "cpu_temp": 42.0, "download_speed_kbs": 2.5, "upload_speed_kbs": 2.4}, "12": {"timestamp": 1757436203.9122546, "unique_id": "1757436203.9122546_5461", "cpu_percent": 3.3, "ram_percent": 35.2, "cpu_temp": 41.9, "download_speed_kbs": 7.7, "upload_speed_kbs": 3.5}, "13": {"timestamp": 1757436213.9146473, "unique_id": "1757436213.9146473_4778", "cpu_percent": 0.6, "ram_percent": 35.2, "cpu_temp": 42.0, "download_speed_kbs": 2.3, "upload_speed_kbs": 8.3}, "14": {"timestamp": 1757436223.9128084, "unique_id": "1757436223.9128084_6717", "cpu_percent": 5.7, "ram_percent": 35.2, "cpu_temp": 42.4, "download_speed_kbs": 2.2, "upload_speed_kbs": 1.8}, "15": {"timestamp": 1757436243.9136481, "unique_id": "1757436243.9136481_5816", "cpu_percent": 1.2, "ram_percent": 35.0, "cpu_temp": 41.8, "download_speed_kbs": 1.1, "upload_speed_kbs": 0.9}, "16": {"timestamp": 1757436283.9028432, "unique_id": "1757436283.9028432_9536", "cpu_percent": 6.4, "ram_percent": 35.4, "cpu_temp": 42.2, "download_speed_kbs": 9.3, "upload_speed_kbs": 9.3}, "17": {"timestamp": 1757436334.9473977, "unique_id": "1757436334.9473977_9359", "cpu_percent": 0.7, "ram_percent": 35.4, "cpu_temp": 41.5, "download_speed_kbs": 0.9, "upload_speed_kbs": 0.9}, "18": {"timestamp": 1757436344.941744, "unique_id": "1757436344.941744_8243", "cpu_percent": 1.7, "ram_percent": 35.9, "cpu_temp": 41.9, "download_speed_kbs": 1.1, "upload_speed_kbs": 0.9}, "19": {"timestamp": 1757436354.9513564, "unique_id": "1757436354.9513564_3904", "cpu_percent": 1.9, "ram_percent": 35.4, "cpu_temp": 41.8, "download_speed_kbs": 8.8, "upload_speed_kbs": 4.8}, "20": {"timestamp": 1757436384.9516368, "unique_id": "1757436384.9516368_8838", "cpu_percent": 1.2, "ram_percent": 34.1, "cpu_temp": 41.9, "download_speed_kbs": 1.9, "upload_speed_kbs": 1.6}, "21": {"timestamp": 1757436421.8920107, "unique_id": "1757436421.8920107_7133", "cpu_percent": 1.1, "ram_percent": 34.6, "cpu_temp": 41.6, "download_speed_kbs": 1.1, "upload_speed_kbs": 0.9}, "22": {"timestamp": 1757436431.8833468, "unique_id": "1757436431.8833468_2742", "cpu_percent": 1.9, "ram_percent": 34.1, "cpu_temp": 41.9, "download_speed_kbs": 5.8, "upload_speed_kbs": 3.0}, "23": {"timestamp": 1757436443.1192977, "unique_id": "1757436443.1192977_4007", "cpu_percent": 8.2, "ram_percent": 34.3, "cpu_temp": 42.5, "download_speed_kbs": 2.9, "upload_speed_kbs": 25.0}, "24": {"timestamp": 1757436453.1112773, "unique_id": "1757436453.1112773_2103", "cpu_percent": 1.7, "ram_percent": 34.0, "cpu_temp": 42.2, "download_speed_kbs": 2.2, "upload_speed_kbs": 1.8}, "25": {"timestamp": 1757436475.296839, "unique_id": "1757436475.296839_6809", "cpu_percent": 7.3, "ram_percent": 34.4, "cpu_temp": 42.2, "download_speed_kbs": 0.9, "upload_speed_kbs": 0.9}, "26": {"timestamp": 1757436495.308458, "unique_id": "1757436495.308458_7424", "cpu_percent": 3.5, "ram_percent": 33.5, "cpu_temp": 41.6, "download_speed_kbs": 1.7, "upload_speed_kbs": 1.7}, "27": {"timestamp": 1757436505.3115354, "unique_id": "1757436505.3115354_8736", "cpu_percent": 0.6, "ram_percent": 33.3, "cpu_temp": 41.4, "download_speed_kbs": 34.2, "upload_speed_kbs": 24.0}, "28": {"timestamp": 1757436515.3117876, "unique_id": "1757436515.3117876_2608", "cpu_percent": 0.6, "ram_percent": 33.3, "cpu_temp": 41.4, "download_speed_kbs": 1.5, "upload_speed_kbs": 1.4}}}